<?xml version="1.0" encoding="ISO-8859-1" ?>

<!DOCTYPE struts-config PUBLIC
          "-//Apache Software Foundation//DTD Struts Configuration 1.2//EN"
          "http://jakarta.apache.org/struts/dtds/struts-config_1_2.dtd">

<struts-config>

<!-- ================================================ Form Bean Definitions -->

    <form-beans>
        <form-bean name="mainForm" type="form.MainForm"></form-bean>
        <form-bean name="searchForm" type="form.SearchForm"></form-bean>
    </form-beans>


<!-- =========================================== Global Forward Definitions -->

    <global-forwards>
        <!-- Default forward to "Welcome" action -->
        <!-- Demonstrates using index.jsp to forward -->
        <forward
            name="welcome"
            path="/search.do"/>
    </global-forwards>


<!-- =========================================== Action Mapping Definitions -->

    <action-mappings>
        <action
            path="/registscr"
            type="action.RegistDepartmentAction"
            name="mainForm"
            scope="request">
            <forward name="success" path="/WEB-INF/jsp/EmpReg.jsp" />
        </action>
        
        <action
            path="/download"
            type="action.FileDownloadAction"
            name="mainForm"
            scope="request">
        </action>
            
        <action
            path="/regist"
            type="action.RegistEmployeeAction"
            name="mainForm"
            scope="request"
            input="/WEB-INF/jsp/MemberRegist.jsp">
	        <forward name="success" path="/WEB-INF/jsp/EmpRegResult.jsp" />
	        <forward name="validNG" path="/WEB-INF/jsp/EmpReg.jsp" />
            <forward name="error" path="/WEB-INF/jsp/Error.jsp" />
        </action>

        <action
            path="/search"
            type="action.SearchAction"
            name="searchForm"
            scope="request"
            input="/WEB-INF/jsp/MemberRegist.jsp">
	        <forward name="success" path="/WEB-INF/jsp/EmpSearchResult.jsp" />
            <forward name="error" path="/WEB-INF/jsp/Error.jsp" />
        </action>

        <action
            path="/getEmployee"
            type="action.GetEmployeeAction"
            name="mainForm"
            scope="request">
	        <forward name="success" path="/WEB-INF/jsp/EmpEdit.jsp" />
            <forward name="error" path="/WEB-INF/jsp/Error.jsp" />
        </action>

        <action
            path="/edit"
            type="action.EditAction"
            name="mainForm"
            scope="request"
            input="/WEB-INF/jsp/MemberEdit.jsp">
	        <forward name="success" path="/WEB-INF/jsp/EmpEditResult.jsp" />
	        <forward name="validNG" path="/WEB-INF/jsp/EmpEdit.jsp" />
            <forward name="error" path="/WEB-INF/jsp/Error.jsp" />
        </action>

        <action
            path="/delete"
            type="action.DeleteAction"
            name="mainForm"
            scope="request">
	        <forward name="success" path="/WEB-INF/jsp/EmpDelResult.jsp" />
            <forward name="error" path="/WEB-INF/jsp/Error.jsp" />
        </action>

        <action
            path="/initEmployee"
            type="action.InitAction"
            name="mainForm"
            scope="request">
	        <forward name="success" path="/WEB-INF/jsp/EmpInitResult.jsp" />
            <forward name="error" path="/WEB-INF/jsp/Error.jsp" />
        </action>

    </action-mappings>


<!-- ============================================= Controller Configuration -->

    <controller
       processorClass="org.apache.struts.tiles.TilesRequestProcessor"/>


<!-- ======================================== Message Resources Definitions -->

    <message-resources parameter="MessageResources" />


<!-- =============================================== Plug Ins Configuration -->

  <!-- ======================================================= Tiles plugin -->
  <!--
     This plugin initialize Tiles definition factory. This later can takes some
	 parameters explained here after. The plugin first read parameters from
	 web.xml, thenoverload them with parameters defined here. All parameters
	 are optional.
     The plugin should be declared in each struts-config file.
       - definitions-config: (optional)
            Specify configuration file names. There can be several comma
		    separated file names (default: ?? )
       - moduleAware: (optional - struts1.1)
            Specify if the Tiles definition factory is module aware. If true
            (default), there will be one factory for each Struts module.
			If false, there will be one common factory for all module. In this
            later case, it is still needed to declare one plugin per module.
            The factory will be initialized with parameters found in the first
            initialized plugin (generally the one associated with the default
            module).
			  true : One factory per module. (default)
			  false : one single shared factory for all modules
	   - definitions-parser-validate: (optional)
	        Specify if xml parser should validate the Tiles configuration file.
			  true : validate. DTD should be specified in file header (default)
			  false : no validation

	  Paths found in Tiles definitions are relative to the main context.
  -->

    <plug-in className="org.apache.struts.tiles.TilesPlugin" >

      <!-- Path to XML definition file -->
      <set-property property="definitions-config"
                       value="/WEB-INF/tiles-defs.xml" />
      <!-- Set Module-awareness to true -->
      <set-property property="moduleAware" value="true" />
    </plug-in>


  <!-- =================================================== Validator plugin -->

  <plug-in className="org.apache.struts.validator.ValidatorPlugIn">
    <set-property
        property="pathnames"
        value="/WEB-INF/validator-rules.xml,/WEB-INF/validation.xml"/>
  </plug-in>

</struts-config>

