<?xml version="1.0" encoding="UTF-8" ?>
<!DOCTYPE log4j:configuration SYSTEM "log4j.dtd">
<log4j:configuration xmlns:log4j="http://jakarta.apache.org/log4j/">

  <appender name="Console" class="org.apache.log4j.ConsoleAppender">
    <layout class="org.apache.log4j.PatternLayout">
      <param name="ConversionPattern" value="%d %-5.5p %l %c{2} - %m%n"/>
    </layout>
  </appender>

	<!-- normal trace logfile output -->
	<appender name="AppNormalLog" class="org.apache.log4j.RollingFileAppender">
		<param name="File" value="c:/tmp/seleniumapp.log"/>
		<param name="Append" value="true"/>
		<param name="Threshold" value="info"/>
		<param name="MaxFileSize" value="1MB"/>
		<param name="MaxBackupIndex" value="5"/>
		<layout class="org.apache.log4j.PatternLayout">
			<param name="ConversionPattern"
				value="%d %-6p [%t] %c{1}(%L) %m%n"/>
		</layout>
		<filter class="org.apache.log4j.varia.LevelRangeFilter">
			<param name="levelMin" value="info"/>
			<param name="levelMax" value="fatal"/>
		</filter>
	</appender>
  
  <root>
    <priority value="INFO" />
    <appender-ref ref="Console" />
    <!-- 
    <appender-ref ref="AppNormalLog" />
    -->
  </root>

</log4j:configuration>